-- +goose Up
-- +goose StatementBegin
INSERT INTO "public"."users" ("id", "first_name", "last_name", "created_at", "updated_at", "deleted_at") VALUES
('ba9872c8-49fa-42d8-8664-d9a44babe021', 'naravit', 'bunthap', '2025-08-16 11:30:00', '2025-08-16 11:30:00', NULL),
('ba9872c8-49fa-42d8-8664-3456571fdsfs', 'Apinut', 'Kaewmunee', '2025-08-17 11:30:00', '2025-08-17 11:30:00', NULL),
('ba9872c8-49fa-42d8-8664-adfdberwt23w', 'john', 'smith', '2025-08-17 11:30:00', '2025-08-17 11:30:00', NULL),
('ba9872c8-49fa-42d8-8664-vbvbnjtrytry', 'jet', 'Tondy', '2025-08-17 11:30:00', '2025-08-17 11:30:00', NULL);

INSERT INTO "public"."food_recipes" ("id", "name", "description", "ingredient", "instruction", "image_url", "cooking_duration_id", "difficulty_id", "created_at", "updated_at", "deleted_at", "user_id") VALUES
(1, 'Spaghetti Carbonara', 'Classic Italian pasta dish with creamy sauce.', 'Spaghetti, Eggs, Parmesan, Pancetta, Black Pepper, Salt', 'Cook spaghetti. Fry pancetta. Mix eggs with cheese. Combine all ingredients.', 'https://foodish-api.com/images/pasta/pasta17.jpg', 2, 1, '2025-07-31 16:23:42.02594', '2025-07-31 16:23:42.02594', NULL, 'ba9872c8-49fa-42d8-8664-d9a44babe021'),
(2, 'Chicken Fried Rice', 'Quick and tasty fried rice with chicken and veggies.', 'Cooked Rice, Chicken, Eggs, Carrots, Peas, Soy Sauce', 'Stir-fry chicken and vegetables. Add rice and scrambled eggs. Season with soy sauce.', 'https://foodish-api.com/images/rice/rice13.jpg', 1, 1, '2025-07-31 16:24:09.613689', '2025-07-31 16:24:09.613689', NULL, 'ba9872c8-49fa-42d8-8664-d9a44babe021'),
(3, 'พิซซ่าแฮมชีส', 'พิซซ่าแฮมชีสกลิ่นหอมอบใหม่ แป้งบางกรอบผสานกับซอสมะเขือเทศเข้มข้น โรยด้วยชีสมอสซาเรลลาละลายยืด พร้อมแฮมชิ้นพอดีคำ เหมาะสำหรับมื้อด่วนหรือปาร์ตี้เล็กๆ', 'แป้งพิซซ่า, มะเขือเทศ, ชีสมอสซาเรลลา, พริกไทย, ใบโหระพา', 'ทาซอส ลงแป้ง โรยชีส แล้วอบ 10 นาที', 'https://foodish-api.com/images/pizza/pizza28.jpg', 1, 1, '2025-08-13 15:26:37.631571', '2025-08-13 15:26:37.631571', NULL, 'ba9872c8-49fa-42d8-8664-d9a44babe021'),
(4, 'เบอร์เกอร์เนื้อคลาสสิค', 'เบอร์เกอร์เนื้อชิ้นหนานุ่ม ย่างจนหอมเสิร์ฟคู่ขนมปังนุ่มฟู มีผักสลัดกรอบและซอสมายองเนส เพิ่มรสชาติด้วยมะเขือเทศสด เหมาะสำหรับมื้อกลางวันที่อิ่มจุใจ', 'ขนมปังเบอร์เกอร์, เนื้อวัว, ผักสลัด, มายองเนส, มะเขือเทศ', 'ย่างเนื้อ แล้วประกอบใส่ขนมปัง พร้อมซอสตามชอบ', 'https://foodish-api.com/images/burger/burger26.jpg', 2, 2, '2025-08-13 15:27:23.64759', '2025-08-13 15:27:23.64759', NULL, 'ba9872c8-49fa-42d8-8664-d9a44babe021'),
(5, 'กล้วยชุบแป้งทอด', 'กล้วยชุบแป้งทอดเนื้อฟูนอกกรอบใน หอมกลิ่นกล้วยสุกและแป้งทอด รสหวานธรรมชาติของกล้วยตัดกับความเค็มเล็กน้อยของแป้ง เหมาะเป็นของว่างยามบ่าย', 'แป้ง, น้ำตาล, ไข่, กล้วย, น้ำมัน', 'ทอดกล้วยชุบแป้ง จนเหลืองกรอบ', 'https://foodish-api.com/images/dessert/dessert17.jpg', 1, 1, '2025-08-13 15:27:41.239544', '2025-08-13 15:27:41.239544', NULL, 'ba9872c8-49fa-42d8-8664-d9a44babe021'),
(6, 'ข้าวผัดแกงกะหรี่ปลา', 'ข้าวผัดแกงกะหรี่ปลา รสเข้มข้นจากผงกะหรี่และกะทิ หอมเครื่องเทศ กลมกล่อมด้วยเนื้อปลาชิ้นโตและผักหลากสี เพิ่มความน่าสนใจด้วยกลิ่นหอมของผักชีลาว', 'ข้าวหอมมะลิ, ผงกะหรี่, ปลา, ผัก, กะทิ', 'ผัดทุกอย่างรวมกันบนกระทะจนหอม', 'https://foodish-api.com/images/rice/rice35.jpg', 2, 2, '2025-08-13 15:27:48.875565', '2025-08-13 15:27:48.875565', NULL, 'ba9872c8-49fa-42d8-8664-d9a44babe021'),
(7, 'สปาเก็ตตี้เพสโต้โหระพา', 'สปาเก็ตตี้ผัดซอสเพสโต้โหระพา หอมสดชื่นจากใบโหระพาสดและน้ำมันมะกอก คลุกเคล้ากับพาร์เมซานชีสและเมล็ดสนคั่ว เพิ่มรสสัมผัสด้วยมะเขือเทศเชอร์รี่อบหวาน', 'สปาเก็ตตี้, ซอสเพสโต้, น้ำมันมะกอก, พาร์เมซานชีส, มะเขือเทศเชอร์รี่', 'ต้มเส้น คลุกกับซอสเพสโต้และผัก จัดเสิร์ฟร้อนๆ', 'https://foodish-api.com/images/pasta/pasta23.jpg', 3, 2, '2025-08-13 15:28:30.789895', '2025-08-13 15:28:30.789895', NULL, 'ba9872c8-49fa-42d8-8664-d9a44babe021'),
(8, 'สเต๊กริบอายซอสไวน์แดง', 'สเต๊กเนื้อริบอายย่างระดับมีเดียมแรร์ เนื้อนุ่มชุ่มฉ่ำ หอมกลิ่นย่างรมควัน เสิร์ฟพร้อมมันบดเนียนนุ่มและซอสไวน์แดงเข้มข้น', 'เนื้อริบอาย, มันฝรั่ง, เนย, ไวน์แดง, โรสแมรี', 'ย่างเนื้อให้ได้ระดับที่ต้องการ เสิร์ฟคู่มันบดและซอส', 'https://foodish-api.com/images/steak/steak17.jpg', 4, 3, '2025-08-13 15:28:40.279491', '2025-08-13 15:28:40.279491', NULL, 'ba9872c8-49fa-42d8-8664-d9a44babe021'),
(9, 'ผัดไทยกุ้งสด', 'ผัดไทยกุ้งสดสูตรดั้งเดิม เส้นเหนียวนุ่ม คลุกซอสเข้มข้นรสหวานเค็มเปรี้ยวลงตัว เคล้ากับถั่วงอกสดและกุ้งตัวโต โรยถั่วลิสงบดหอมมัน', 'เส้นจันท์, กุ้ง, ถั่วงอก, ไข่, น้ำมะขาม, น้ำปลา, น้ำตาลปี๊บ', 'ผัดเส้นกับซอส ใส่กุ้งและผัก เสิร์ฟร้อนๆ', 'https://foodish-api.com/images/padthai/padthai5.jpg', 2, 2, '2025-08-13 15:28:49.999596', '2025-08-13 15:28:49.999596', NULL, 'ba9872c8-49fa-42d8-8664-d9a44babe021'),
(10, 'ซุปฟักทอง', 'ซุปฟักทองเนื้อเนียนนุ่ม รสหวานธรรมชาติจากฟักทองต้มบด เคี่ยวกับครีมสดและหอมใหญ่จนได้รสกลมกล่อม เหมาะเป็นเมนูเรียกน้ำย่อย', 'ฟักทอง, ครีมสด, หอมใหญ่, เนย, เกลือ, พริกไทย', 'ต้มฟักทองและหอมใหญ่ ปั่นจนเนียน เติมครีม', 'https://foodish-api.com/images/soup/soup8.jpg', 1, 1, '2025-08-13 15:28:59.366225', '2025-08-13 15:28:59.366225', NULL, 'ba9872c8-49fa-42d8-8664-d9a44babe021'),
(11, 'ข้าวมันไก่', 'ข้าวมันไก่เนื้อนุ่ม หุงข้าวด้วยน้ำซุปไก่และมันไก่จนหอม เสิร์ฟพร้อมไก่ต้มสุกกำลังดี น้ำจิ้มเต้าเจี้ยวรสจัด และน้ำซุปใส', 'ข้าวหอมมะลิ, ไก่, เต้าเจี้ยว, ขิง, กระเทียม', 'ต้มไก่ หุงข้าวกับน้ำซุป เสิร์ฟพร้อมน้ำจิ้มและซุป', 'https://foodish-api.com/images/rice/rice6.jpg', 3, 2, '2025-08-13 15:29:06.258471', '2025-08-13 15:29:06.258471', NULL, 'ba9872c8-49fa-42d8-8664-d9a44babe021');


INSERT INTO "public"."ratings" ("id", "score", "food_recipe_id", "user_id", "created_at", "updated_at", "deleted_at") VALUES
(1, 5, 1, 'ba9872c8-49fa-42d8-8664-d9a44babe021', '2025-08-16 12:00:00', '2025-08-16 12:00:00', NULL),
(2, 4, 2, 'ba9872c8-49fa-42d8-8664-3456571fdsfs', '2025-08-16 12:01:00', '2025-08-16 12:01:00', NULL),
(3, 3, 3, 'ba9872c8-49fa-42d8-8664-adfdberwt23w', '2025-08-16 12:02:00', '2025-08-16 12:02:00', NULL),
(4, 4, 4, 'ba9872c8-49fa-42d8-8664-vbvbnjtrytry', '2025-08-16 12:03:00', '2025-08-16 12:03:00', NULL),
(5, 2, 5, 'ba9872c8-49fa-42d8-8664-d9a44babe021', '2025-08-16 12:04:00', '2025-08-16 12:04:00', NULL),
(6, 5, 6, 'ba9872c8-49fa-42d8-8664-3456571fdsfs', '2025-08-16 12:05:00', '2025-08-16 12:05:00', NULL),
(7, 4, 7, 'ba9872c8-49fa-42d8-8664-adfdberwt23w', '2025-08-16 12:06:00', '2025-08-16 12:06:00', NULL),
(8, 3, 8, 'ba9872c8-49fa-42d8-8664-vbvbnjtrytry', '2025-08-16 12:07:00', '2025-08-16 12:07:00', NULL),
(9, 2, 9, 'ba9872c8-49fa-42d8-8664-d9a44babe021', '2025-08-16 12:08:00', '2025-08-16 12:08:00', NULL),
(10, 1, 10, 'ba9872c8-49fa-42d8-8664-3456571fdsfs', '2025-08-16 12:09:00', '2025-08-16 12:09:00', NULL),
(11, 5, 11, 'ba9872c8-49fa-42d8-8664-adfdberwt23w', '2025-08-16 12:10:00', '2025-08-16 12:10:00', NULL),
(12, 4, 12, 'ba9872c8-49fa-42d8-8664-vbvbnjtrytry', '2025-08-16 12:11:00', '2025-08-16 12:11:00', NULL),
(13, 3, 1, 'ba9872c8-49fa-42d8-8664-d9a44babe021', '2025-08-16 12:12:00', '2025-08-16 12:12:00', NULL),
(14, 2, 2, 'ba9872c8-49fa-42d8-8664-3456571fdsfs', '2025-08-16 12:13:00', '2025-08-16 12:13:00', NULL),
(15, 5, 3, 'ba9872c8-49fa-42d8-8664-adfdberwt23w', '2025-08-16 12:14:00', '2025-08-16 12:14:00', NULL),
(16, 4, 4, 'ba9872c8-49fa-42d8-8664-vbvbnjtrytry', '2025-08-16 12:15:00', '2025-08-16 12:15:00', NULL),
(17, 3, 5, 'ba9872c8-49fa-42d8-8664-d9a44babe021', '2025-08-16 12:16:00', '2025-08-16 12:16:00', NULL),
(18, 2, 6, 'ba9872c8-49fa-42d8-8664-3456571fdsfs', '2025-08-16 12:17:00', '2025-08-16 12:17:00', NULL),
(19, 1, 7, 'ba9872c8-49fa-42d8-8664-adfdberwt23w', '2025-08-16 12:18:00', '2025-08-16 12:18:00', NULL),
(20, 5, 8, 'ba9872c8-49fa-42d8-8664-vbvbnjtrytry', '2025-08-16 12:19:00', '2025-08-16 12:19:00', NULL),
(21, 4, 9, 'ba9872c8-49fa-42d8-8664-d9a44babe021', '2025-08-16 12:20:00', '2025-08-16 12:20:00', NULL),
(22, 3, 10, 'ba9872c8-49fa-42d8-8664-3456571fdsfs', '2025-08-16 12:21:00', '2025-08-16 12:21:00', NULL),
(23, 2, 11, 'ba9872c8-49fa-42d8-8664-adfdberwt23w', '2025-08-16 12:22:00', '2025-08-16 12:22:00', NULL),
(24, 1, 12, 'ba9872c8-49fa-42d8-8664-vbvbnjtrytry', '2025-08-16 12:23:00', '2025-08-16 12:23:00', NULL),
(25, 5, 1, 'ba9872c8-49fa-42d8-8664-d9a44babe021', '2025-08-16 12:24:00', '2025-08-16 12:24:00', NULL),
(26, 4, 2, 'ba9872c8-49fa-42d8-8664-3456571fdsfs', '2025-08-16 12:25:00', '2025-08-16 12:25:00', NULL),
(27, 3, 3, 'ba9872c8-49fa-42d8-8664-adfdberwt23w', '2025-08-16 12:26:00', '2025-08-16 12:26:00', NULL),
(28, 2, 4, 'ba9872c8-49fa-42d8-8664-vbvbnjtrytry', '2025-08-16 12:27:00', '2025-08-16 12:27:00', NULL),
(29, 1, 5, 'ba9872c8-49fa-42d8-8664-d9a44babe021', '2025-08-16 12:28:00', '2025-08-16 12:28:00', NULL),
(30, 5, 6, 'ba9872c8-49fa-42d8-8664-3456571fdsfs', '2025-08-16 12:29:00', '2025-08-16 12:29:00', NULL);

-- +goose StatementEnd

-- +goose Down
-- +goose StatementBegin

-- +goose StatementEnd
